category,platform,hashtags
General,Common,#ContentCreator
General,Common,#Influencer
General,Common,#MicroInfluencer
General,Common,#PersonalBrand
General,Common,#LiveAuthentic
General,Common,#CreateContent
General,Common,#Lifestyle
General,Common,#Aesthetic
General,Common,#BehindTheScenes
General,Common,#MotivationMonday
General,Common,#WellnessTips
General,Common,#SelfCare
General,Common,#Entrepreneur
General,Common,#WorkLifeBalance
General,Common,#ProfessionalDevelopment
General,Common,#MindsetMatters
General,Common,#GoalGetter
General,Common,#DreamChaser
General,Common,#InspirationDaily
General,Common,#Success
Niche,Common,#FitnessJourney
Niche,Common,#HealthyLiving
Niche,Common,#FoodBlogger
Niche,Common,#TravelGram
Niche,Common,#FashionInfluencer
Niche,Common,#BeautyTips
Niche,Common,#ParentingLife
Niche,Common,#FoodieLife
Niche,Common,#DIYProject
Niche,Common,#GamingCommunity
Niche,Common,#BookWorm
Niche,Common,#MovieReview
Niche,Common,#TechReview
Niche,Common,#SustainableLife
Niche,Common,#EcoFriendly
Niche,Common,#VeganLifestyle
Niche,Common,#PetLove
Niche,Common,#Photography
Niche,Common,#ArtisticLife
Niche,Common,#MusicLife
Trending,Common,#TikTokTrends
Trending,Common,#InstagramReels
Trending,Common,#SideHustle
Trending,Common,#PassiveIncome
Trending,Common,#DigitalNomad
Trending,Common,#RemoteWork
Trending,Common,#OnlineBusiness
Trending,Common,#ContentStrategy
Trending,Common,#PersonalGrowth
Trending,Common,#SocialMediaTips
Trending,Common,#NetworkMarketing
Trending,Common,#CreativeLiving
Trending,Common,#MindfulLiving
Trending,Common,#HustleHard
Trending,Common,#NeverSettle
Trending,Common,#RiseAndGrind
Trending,Common,#NoLimits
Trending,Common,#BelieveInYourself
Trending,Common,#StrongerTogether
Trending,Common,#MakeItHappen
Instagram,Instagram,#InstagramInfluencer
Instagram,Instagram,#InstaDaily
Instagram,Instagram,#InstaStyle
Instagram,Instagram,#InstaGood
Instagram,Instagram,#IGers
Instagram,Instagram,#LifestylePhotography
Instagram,Instagram,#OOTD
Instagram,Instagram,#InstaMood
Instagram,Instagram,#InstaPic
Instagram,Instagram,#InstaLike
Instagram,Instagram,#PhotoOfTheDay
Instagram,Instagram,#IGDaily
Instagram,Instagram,#InstaFashion
Instagram,Instagram,#InstaFood
Instagram,Instagram,#InstaTech
Instagram,Instagram,#InstaTravel
Instagram,Instagram,#InstaFit
Instagram,Instagram,#InstaBeauty
Instagram,Instagram,#InstaDog
Instagram,Instagram,#InstaGaming
Instagram,Instagram,#InstaQuotes
Instagram,Instagram,#InstaArt
Instagram,Instagram,#InstaMusic
Instagram,Instagram,#InstaBlogger
Instagram,Instagram,#InstaHome
Instagram,Instagram,#InstaFamily
Instagram,Instagram,#InstaGreen
Instagram,Instagram,#InstaMotivation
Instagram,Instagram,#InstaSuccess
Instagram,Instagram,#InstaLifestyle
Instagram,Instagram,#InstaEntrepreneur
Instagram,Instagram,#InstaSelfie
Instagram,Instagram,#InstaWorkout
Instagram,Instagram,#InstaBooks
Instagram,Instagram,#InstaMovie
Instagram,Instagram,#InstaTips
Instagram,Instagram,#InstaView
Instagram,Instagram,#InstaHappy
Instagram,Instagram,#InstaCool
Instagram,Instagram,#InstaMode
Instagram,Instagram,#InstaDesign
Instagram,Instagram,#InstaVibes
Instagram,Instagram,#InstaColor
Instagram,Instagram,#InstaPositive
Instagram,Instagram,#InstaLife
Instagram,Instagram,#InstaCreate
Instagram,Instagram,#InstaBusiness
Instagram,Instagram,#InstaInspire
Instagram,Instagram,#InstaChallenge
Instagram,Instagram,#InstaAbroad
Instagram,Instagram,#InstaReel
Instagram,Instagram,#InstaTrend
Instagram,Instagram,#InstaThrift
Instagram,Instagram,#InstaLocal
Instagram,Instagram,#InstaUnique
Instagram,Instagram,#InstaMinimal
Instagram,Instagram,#InstaVintage
Instagram,Instagram,#InstaWellness
Instagram,Instagram,#InstaRandom
Instagram,Instagram,#InstaOriginal
Instagram,Instagram,#InstaReview
Instagram,Instagram,#InstaKind
Instagram,Instagram,#InstaDream
Instagram,Instagram,#InstaGrateful
Instagram,Instagram,#InstaWander
Instagram,Instagram,#InstaSimple
Instagram,Instagram,#InstaSeason
Instagram,Instagram,#InstaExplore
Instagram,Instagram,#InstaGlow
Instagram,Instagram,#InstaValue
Instagram,Instagram,#InstaPower
Instagram,Instagram,#InstaStrong
Instagram,Instagram,#InstaLove
Instagram,Instagram,#InstaMemory
Instagram,Instagram,#InstaJourney
Instagram,Instagram,#InstaFreedom
Instagram,Instagram,#InstaCore
Instagram,Instagram,#InstaReal
Instagram,Instagram,#InstaRadius
Instagram,Instagram,#InstaStory
Instagram,Instagram,#InstaCore
Instagram,Instagram,#InstaEdge
Instagram,Instagram,#InstaLight
Instagram,Instagram,#InstaShift
Instagram,Instagram,#InstaPeak
Instagram,Instagram,#InstaHope
TikTok,TikTok,#TikTokCreator
TikTok,TikTok,#TikTokTrends
TikTok,TikTok,#FYP
TikTok,TikTok,#ForYouPage
TikTok,TikTok,#TikTokLife
TikTok,TikTok,#TikTokChallenge
TikTok,TikTok,#TikTokDance
TikTok,TikTok,#TikTokComedy
TikTok,TikTok,#TikTokTips
TikTok,TikTok,#TikTokStyle
TikTok,TikTok,#TikTokFood
TikTok,TikTok,#TikTokTravel
TikTok,TikTok,#TikTokFitness
TikTok,TikTok,#TikTokBeauty
TikTok,TikTok,#TikTokFashion
TikTok,TikTok,#TikTokTech
TikTok,TikTok,#TikTokGaming
TikTok,TikTok,#TikTokPets
TikTok,TikTok,#TikTokMotivation
TikTok,TikTok,#TikTokMusic
TikTok,TikTok,#TikTokArt
TikTok,TikTok,#TikTokDIY
TikTok,TikTok,#TikTokReview
TikTok,TikTok,#TikTokLifeHack
TikTok,TikTok,#TikTokQuick
TikTok,TikTok,#TikTokTrend
TikTok,TikTok,#TikTokChallenges
TikTok,TikTok,#TikTokInspire
TikTok,TikTok,#TikTokSuccess
TikTok,TikTok,#TikTokViral
TikTok,TikTok,#TikTokEntrepreneur
TikTok,TikTok,#TikTokSelfie
TikTok,TikTok,#TikTokWorkout
TikTok,TikTok,#TikTokBooks
TikTok,TikTok,#TikTokMovie
TikTok,TikTok,#TikTokTips
TikTok,TikTok,#TikTokView
TikTok,TikTok,#TikTokHappy
TikTok,TikTok,#TikTokCool
TikTok,TikTok,#TikTokMode
TikTok,TikTok,#TikTokDesign
TikTok,TikTok,#TikTokVibes
TikTok,TikTok,#TikTokColor
TikTok,TikTok,#TikTokPositive
TikTok,TikTok,#TikTokLife
TikTok,TikTok,#TikTokCreate
TikTok,TikTok,#TikTokBusiness
TikTok,TikTok,#TikTokInspire
TikTok,TikTok,#TikTokChallenge
TikTok,TikTok,#TikTokAbroad
TikTok,TikTok,#TikTokReel
TikTok,TikTok,#TikTokTrend
TikTok,TikTok,#TikTokThrift
TikTok,TikTok,#TikTokLocal
TikTok,TikTok,#TikTokUnique
TikTok,TikTok,#TikTokMinimal
TikTok,TikTok,#TikTokVintage
TikTok,TikTok,#TikTokWellness
TikTok,TikTok,#TikTokRandom
TikTok,TikTok,#TikTokOriginal
TikTok,TikTok,#TikTokReview
TikTok,TikTok,#TikTokKind
TikTok,TikTok,#TikTokDream
TikTok,TikTok,#TikTokGrateful
TikTok,TikTok,#TikTokWander
TikTok,TikTok,#TikTokSimple
TikTok,TikTok,#TikTokSeason
TikTok,TikTok,#TikTokExplore
TikTok,TikTok,#TikTokGlow
TikTok,TikTok,#TikTokValue
TikTok,TikTok,#TikTokPower
TikTok,TikTok,#TikTokStrong
TikTok,TikTok,#TikTokLove
TikTok,TikTok,#TikTokMemory
TikTok,TikTok,#TikTokJourney
TikTok,TikTok,#TikTokFreedom
TikTok,TikTok,#TikTokCore
TikTok,TikTok,#TikTokReal
TikTok,TikTok,#TikTokRadius
TikTok,TikTok,#TikTokStory
TikTok,TikTok,#TikTokCore
TikTok,TikTok,#TikTokEdge
TikTok,TikTok,#TikTokLight
TikTok,TikTok,#TikTokShift
TikTok,TikTok,#TikTokPeak
TikTok,TikTok,#TikTokHope